<?xml version="1.0" encoding="UTF-8"?>
<project-private xmlns="http://www.netbeans.org/ns/project-private/1">
    <editor-bookmarks xmlns="http://www.netbeans.org/ns/editor-bookmarks/2" lastBookmarkId="0"/>
    <open-files xmlns="http://www.netbeans.org/ns/projectui-open-files/2">
        <group>
            <file>file:/C:/Users/MUHAMMAD%20ASHRAF/Downloads/1/DBS%20project/Electricity-Billing-System-master/Electricity-Billing-System/src/Electricity/NewCustomer.java</file>
            <file>file:/C:/Users/MUHAMMAD%20ASHRAF/Downloads/1/DBS%20project/Electricity-Billing-System-master/Electricity-Billing-System/src/Electricity/About.java</file>
            <file>file:/C:/Users/MUHAMMAD%20ASHRAF/Downloads/1/DBS%20project/Electricity-Billing-System-master/Electricity-Billing-System/src/Electricity/CustomerDetails.java</file>
            <file>file:/C:/Users/MUHAMMAD%20ASHRAF/Downloads/1/DBS%20project/Electricity-Billing-System-master/Electricity-Billing-System/src/Electricity/BillDetails.java</file>
            <file>file:/C:/Users/MUHAMMAD%20ASHRAF/Downloads/1/DBS%20project/Electricity-Billing-System-master/Electricity-Billing-System/src/Electricity/Login.java</file>
            <file>file:/C:/Users/MUHAMMAD%20ASHRAF/Downloads/1/DBS%20project/Electricity-Billing-System-master/Electricity-Billing-System/src/Electricity/Conn.java</file>
            <file>file:/C:/Users/MUHAMMAD%20ASHRAF/Downloads/1/DBS%20project/Electricity-Billing-System-master/Electricity-Billing-System/src/Electricity/UpdateInformation.java</file>
            <file>file:/C:/Users/MUHAMMAD%20ASHRAF/Downloads/1/DBS%20project/Electricity-Billing-System-master/Electricity-Billing-System/src/Electricity/Project.java</file>
            <file>file:/C:/Users/MUHAMMAD%20ASHRAF/Downloads/1/DBS%20project/Electricity-Billing-System-master/Electricity-Billing-System/src/Electricity/ViewInformation.java</file>
            <file>file:/C:/Users/MUHAMMAD%20ASHRAF/Downloads/1/DBS%20project/Electricity-Billing-System-master/Electricity-Billing-System/src/Electricity/Splash.java</file>
            <file>file:/C:/Users/MUHAMMAD%20ASHRAF/Downloads/1/DBS%20project/Electricity-Billing-System-master/Electricity-Billing-System/src/icon/icon3.png</file>
            <file>file:/C:/Users/MUHAMMAD%20ASHRAF/Downloads/1/DBS%20project/Electricity-Billing-System-master/Electricity-Billing-System/src/Electricity/CalculateBill.java</file>
            <file>file:/C:/Users/MUHAMMAD%20ASHRAF/Downloads/1/DBS%20project/Electricity-Billing-System-master/Electricity-Billing-System/src/Electricity/Signup.java</file>
        </group>
    </open-files>
</project-private>
